frame_number,class_id,confidence,x,y,w,h
9,0,0.5236252,43331,98032,33176,138872
10,0,0.5242679,43287,98003,33144,138744
11,0,0.5849899,43507,99421,32683,138696
11,0,0.5142935,109637,142990,46313,163297
11,0,0.57824206,110335,145971,46358,169179
11,0,0.555129,43581,99282,32965,141167
11,0,0.51815635,109644,143287,46584,164344
11,0,0.5824763,110452,145725,46538,168045
12,0,0.59320706,43594,99860,32754,140354
12,0,0.52218145,43602,102539,32066,149079
12,0,0.50610006,109561,143195,46256,163660
12,0,0.5775329,110264,146398,46315,169849
12,0,0.5656176,43670,99780,33026,142713
12,0,0.5101966,109566,143509,46519,164677
12,0,0.58119094,110388,146187,46470,168712
13,0,0.5342935,46034,98107,35738,145854
13,0,0.64987063,46644,96758,37015,145523
13,0,0.5268932,46203,99611,34902,151368
13,0,0.5008681,112126,142680,40668,158143
13,0,0.53289837,111928,146449,40890,167255
13,0,0.50316894,46620,98223,37022,146080
13,0,0.6443764,46651,96485,37111,146688
13,0,0.5019987,46208,99659,35089,150987
13,0,0.53684103,112039,146063,41013,166096
14,0,0.5588189,46040,97593,36085,145860
14,0,0.6671418,46535,96089,37380,145588
14,0,0.521202,46252,98764,35346,151757
14,0,0.5181317,112200,142441,40875,157674
14,0,0.53847474,112074,146011,41046,166452
14,0,0.5320472,46538,97688,37272,146080
14,0,0.66150415,46535,95788,37477,146620
14,0,0.5094449,112212,142642,41119,159081
14,0,0.5426417,112185,145641,41150,165113
15,0,0.52109766,44779,96209,31492,144893
15,0,0.60640454,46086,95359,32998,142411
15,0,0.5754624,46022,95173,33319,143606
16,0,0.5541242,44887,96408,32117,145264
16,0,0.63489056,46013,95566,33425,142852
16,0,0.50840145,45287,96595,33091,145404
16,0,0.6119902,45967,95399,33652,144146
17,0,0.58381456,46737,94201,34718,143838
17,0,0.5555976,46662,94042,35075,145179
18,0,0.5905292,46675,94058,34911,143861
18,0,0.5654131,46617,93891,35209,145115
23,0,0.5470703,52667,91151,26873,109373
23,0,0.53112847,138456,155541,43840,137939
23,0,0.5160676,138492,155432,44052,137469
24,0,0.55382854,52666,90397,26981,108326
24,0,0.5422145,138452,155578,43788,138430
24,0,0.5267709,138483,155446,44001,137921
25,0,0.5215562,53255,99082,28593,126698
25,0,0.5863896,144041,152259,44464,134975
25,0,0.5776333,144569,152295,44103,136686
25,0,0.5676436,144172,152272,44532,135282
25,0,0.5748703,144584,152339,44215,137351
26,0,0.52636963,53257,97646,28464,123995
26,0,0.580291,144020,152342,44534,135262
26,0,0.5708985,144577,152315,44156,136984
26,0,0.56142414,144153,152348,44637,135585
26,0,0.56856364,144592,152344,44274,137611
29,0,0.5312082,55085,98758,28108,136711
30,0,0.51942617,55107,98264,28124,137585
37,0,0.55174476,106153,329128,115889,158337
47,0,0.55726874,107715,310142,115537,196837
47,0,0.55394214,107900,310315,115096,198311
47,0,0.5324293,107909,310403,115021,197507
48,0,0.5627141,106360,311051,112642,195355
48,0,0.56233394,106511,311404,112227,196449
48,0,0.54070836,106359,311413,112008,195794
49,0,0.5765544,106205,311093,112364,195219
49,0,0.57572055,106347,311466,111940,196247
49,0,0.5542505,106192,311464,111714,195606
50,0,0.54216564,107621,311628,115698,194421
50,0,0.5412446,107904,312117,115585,195495
50,0,0.519761,108139,312091,115853,194597
51,0,0.5128365,107957,312408,116184,192992
51,0,0.51496845,108261,312807,116180,193787
52,0,0.5248948,107474,312416,115212,192949
52,0,0.5263971,107735,312830,115078,193700
52,0,0.5067519,107902,312790,115258,193003
53,0,0.55754185,108676,314403,117911,189740
53,0,0.5545618,108858,314721,117520,189592
53,0,0.5355456,109247,314643,118136,189117
54,0,0.54849976,108853,314340,118274,189789
54,0,0.5452096,109047,314650,117913,189655
54,0,0.5255118,109481,314574,118570,189181
56,0,0.5051428,107091,314727,114531,189162
56,0,0.50298345,107224,315049,114045,188990
67,0,0.51537055,80473,98342,38259,124856
67,0,0.5011674,80446,98254,38464,124988
68,0,0.5231583,80618,98436,38501,124822
68,0,0.50950557,80588,98353,38683,124929
71,0,0.536215,79550,86216,32972,119435
71,0,0.68390214,80428,89871,35195,125611
71,0,0.61881924,80968,90419,36471,127763
71,0,0.5129458,79629,86018,33118,119699
71,0,0.6673364,80370,89665,35326,125927
71,0,0.5978597,80906,90424,36484,128397
72,0,0.5355506,79602,86098,32738,119114
72,0,0.68162924,80485,89806,35103,125436
72,0,0.6147377,81055,90358,36424,127683
72,0,0.5113245,79676,85885,32904,119371
72,0,0.66491485,80428,89590,35238,125757
72,0,0.5936753,80993,90367,36443,128340
73,0,0.64439774,81878,89016,32079,129125
73,0,0.6123534,82484,89156,33080,130129
73,0,0.6069553,81846,88785,32434,129487
73,0,0.57648104,82434,89039,33225,130456
74,0,0.6646764,81913,88925,32107,128600
74,0,0.633219,82398,89005,33097,129567
74,0,0.6281922,81880,88694,32429,128901
74,0,0.5997511,82352,88889,33220,129835
75,0,0.50298864,85392,93965,33042,136499
75,0,0.59395564,85439,93749,33064,136804
75,0,0.5633251,85382,93208,33230,136998
76,0,0.51151955,85420,93812,33062,136559
76,0,0.60011506,85474,93629,33078,136966
76,0,0.5693502,85416,93110,33237,137160
77,0,0.5024614,85334,92420,32490,137664
77,0,0.6322375,85265,91734,32181,136331
77,0,0.59816396,85196,91095,32276,136063
78,0,0.620581,85428,93119,32341,137128
78,0,0.68677056,85323,92927,32396,137454
78,0,0.59989685,85426,93117,32803,137613
78,0,0.65495384,85257,92721,32461,137524
79,0,0.5989788,85354,93099,32276,137183
79,0,0.67418975,85262,92877,32283,137444
79,0,0.57788324,85352,93094,32762,137660
79,0,0.6412144,85194,92635,32361,137482
80,0,0.5948731,85354,93047,32328,137180
80,0,0.66860694,85280,92848,32310,137523
80,0,0.5727574,85351,93037,32807,137699
80,0,0.63499784,85213,92612,32395,137569
81,0,0.5157505,126170,157630,57064,165633
81,0,0.5897155,85294,92861,32397,137450
81,0,0.66877383,85232,92658,32413,137894
81,0,0.60793567,126262,154921,56619,151201
81,0,0.74655104,125953,155393,56643,151210
81,0,0.569574,85287,92856,32874,137906
81,0,0.6366601,85165,92340,32463,137739
81,0,0.5904332,126237,154754,56535,150867
81,0,0.7379147,125964,155426,57048,152482
82,0,0.59356576,85175,92374,32699,136151
82,0,0.6692379,85163,92305,32455,137161
82,0,0.58033866,125731,155569,56611,158449
82,0,0.70892173,125416,155588,56990,158211
82,0,0.56985193,85161,92316,33146,136785
82,0,0.6375693,85097,92021,32497,137038
82,0,0.5629098,125712,155368,56479,157916
82,0,0.7004483,125436,155631,57303,158833
83,0,0.5422392,85278,92340,32670,136327
83,0,0.635911,85240,92303,32519,136971
83,0,0.55506104,125737,155622,56725,158191
83,0,0.68535244,125453,155639,57108,158247
83,0,0.518422,85271,92298,33177,136916
83,0,0.6048511,85176,91970,32597,136746
83,0,0.5375392,125720,155412,56609,157677
83,0,0.6768165,125474,155683,57441,158795
84,0,0.5729017,85289,92390,32597,136267
84,0,0.655506,85226,92437,32502,137310
84,0,0.5384541,125742,155405,56621,159224
84,0,0.66900396,125445,155405,57032,159129
84,0,0.5486335,85278,92346,33066,136881
84,0,0.6255464,85162,92157,32563,137195
84,0,0.5229597,125724,155183,56494,158744
84,0,0.66128165,125469,155438,57359,159468
85,0,0.5943306,85145,92646,33217,135204
85,0,0.6706577,85080,92578,33114,136641
85,0,0.61446846,125530,155590,55876,153454
85,0,0.7175285,125275,155445,56174,154384
85,0,0.5733834,85132,92585,33674,135793
85,0,0.6455906,85020,92410,33145,136634
85,0,0.5988121,125500,155404,55835,153091
85,0,0.70947623,125292,155451,56483,155091
86,0,0.59770113,85131,92666,33228,135109
86,0,0.6727896,85067,92616,33136,136589
86,0,0.6052284,125534,155443,55839,153142
86,0,0.7113177,125283,155254,56159,154121
86,0,0.5767459,85116,92596,33675,135709
86,0,0.64807415,85007,92469,33164,136597
86,0,0.58978415,125502,155251,55806,152788
86,0,0.70360833,125297,155239,56476,154764
87,0,0.50669944,84882,92675,33056,135618
87,0,0.62554246,85007,92857,32824,135947
87,0,0.66612893,125507,157386,55215,151727
87,0,0.7618356,125269,156921,55534,152988
87,0,0.59818286,84950,92723,32870,135928
87,0,0.6546052,125470,157198,55191,151418
87,0,0.7585436,125310,156828,55745,153288
88,0,0.5173908,84913,92753,33005,135717
88,0,0.62986976,85015,92835,32768,136001
88,0,0.6728286,125500,157225,55221,151761
88,0,0.76491046,125253,156704,55519,152993
88,0,0.6019498,84956,92693,32813,135972
88,0,0.66205794,125465,157037,55190,151427
88,0,0.7614724,125294,156603,55728,153227
89,0,0.5601207,125751,156345,55380,163227
89,0,0.62060165,85195,93366,32459,134902
89,0,0.65019494,126056,156735,55076,161090
89,0,0.74972355,125825,156699,55415,161227
89,0,0.59075785,85149,93249,32514,134987
89,0,0.6462931,126017,156413,55004,160724
89,0,0.7483884,125865,156659,55640,161228
90,0,0.5486126,125724,156160,55380,163062
90,0,0.62300265,85213,93339,32484,134873
90,0,0.65023863,126036,156374,55033,160682
90,0,0.74753195,125799,156321,55376,160778
90,0,0.5935307,85167,93220,32530,134933
90,0,0.64646125,125996,156057,54961,160319
90,0,0.7462176,125838,156278,55601,160741
91,0,0.53289354,84644,92263,32999,134723
91,0,0.63097286,84830,92361,32567,135605
91,0,0.50043744,125897,154350,54792,165172
91,0,0.6493728,125745,155955,54967,162336
91,0,0.5074064,84612,92189,33499,135294
91,0,0.5998615,84778,92274,32621,135586
91,0,0.50153476,125861,154334,54697,164910
91,0,0.65637004,125801,156094,55299,161767
92,0,0.6028689,85226,92995,32504,135827
92,0,0.6101438,126258,152659,55089,172298
92,0,0.5744095,85180,92833,32554,135804
92,0,0.6247048,126303,153291,55319,170856
93,0,0.6067682,85204,92930,32558,135907
93,0,0.61360836,126283,152766,55038,172257
93,0,0.5786924,85157,92764,32600,135866
93,0,0.62822723,126325,153415,55263,170811
94,0,0.5037951,84934,92200,32789,136120
94,0,0.62016165,85143,92824,32480,136167
94,0,0.5907267,126313,154030,54949,170229
94,0,0.59179646,85092,92674,32509,136126
94,0,0.60635424,126366,154703,55180,168151
95,0,0.61835337,85342,92630,32427,136000
95,0,0.69154197,85482,92868,32452,137062
95,0,0.58868515,126164,152806,53752,179597
95,0,0.5970792,85317,92532,32842,136805
95,0,0.66374516,85431,92841,32434,137212
95,0,0.61078596,126203,153538,53903,179709
96,0,0.6149522,85332,92654,32385,136044
96,0,0.6889036,85469,92898,32421,137115
96,0,0.5974566,126172,152771,53732,179625
96,0,0.5936196,85308,92556,32805,136850
96,0,0.6607487,85418,92869,32402,137259
96,0,0.61927086,126206,153482,53879,179754
97,0,0.5051646,127117,158044,52026,178662
97,0,0.5669491,85537,92571,32422,136396
97,0,0.65628535,85649,92814,32365,136750
97,0,0.5333354,127525,150415,54311,181711
97,0,0.68832564,127547,152005,53929,182625
97,0,0.54208153,85524,92496,32893,137191
97,0,0.62550354,85613,92770,32408,136907
97,0,0.5472204,127539,150645,54289,182899
97,0,0.7052276,127538,152313,53964,182610
98,0,0.5629712,85556,92509,32420,136407
98,0,0.65002793,85666,92776,32364,136775
98,0,0.5130262,127700,150323,54564,181630
98,0,0.6704692,127738,151992,54022,182736
98,0,0.53666013,85547,92448,32895,137189
98,0,0.618544,85632,92730,32402,136964
98,0,0.52687454,127718,150525,54549,182917
98,0,0.68724924,127728,152273,54071,182717
99,0,0.62273204,85800,92671,32910,136055
99,0,0.67256904,85807,92811,32609,137180
99,0,0.5209776,128345,150221,55318,182398
99,0,0.673846,128587,151610,54607,183107
99,0,0.59630835,85807,92599,33389,136867
99,0,0.64113104,85764,92689,32615,137467
99,0,0.5361486,128385,150363,55316,182919
99,0,0.6911395,128585,151842,54643,183086
100,0,0.6254181,85795,92641,32901,136040
100,0,0.67445564,85797,92781,32590,137184
100,0,0.5138861,128359,150223,55388,182431
100,0,0.6696678,128594,151668,54651,183068
100,0,0.5985936,85802,92573,33379,136842
100,0,0.6429811,85756,92659,32594,137464
100,0,0.529168,128400,150376,55382,183072
100,0,0.68706334,128590,151903,54694,183077
101,0,0.5500393,85804,92672,32952,134840
101,0,0.618991,85860,92631,32653,135566
101,0,0.6425738,128993,151884,53288,184836
101,0,0.5266024,85818,92572,33450,135623
101,0,0.58370334,85815,92461,32722,135870
101,0,0.6638615,129020,152122,53361,184884
102,0,0.5512353,85812,92680,32900,134764
102,0,0.6204252,85864,92615,32630,135465
102,0,0.64427614,128886,151885,53554,184996
102,0,0.5278189,85825,92578,33392,135534
102,0,0.5850638,85817,92440,32697,135770
102,0,0.66489756,128916,152120,53624,185124
103,0,0.53173894,85657,92544,33097,135808
103,0,0.6082091,85738,92563,32652,136162
103,0,0.59489655,130608,152334,52034,185226
103,0,0.5102084,85663,92419,33592,136386
103,0,0.57205534,85685,92246,32694,136214
103,0,0.61208266,130674,152585,52184,185604
104,0,0.5280235,85603,92482,33096,135607
104,0,0.603609,85678,92476,32693,136046
104,0,0.6169959,130740,151686,51914,182538
104,0,0.50631726,85610,92364,33594,136188
104,0,0.5676741,85622,92148,32724,136076
104,0,0.63405085,130799,151934,52089,182678
105,0,0.5685365,131457,160250,50570,161317
105,0,0.5271104,131259,161166,49622,163644
105,0,0.5735857,131461,160186,50917,162839
105,0,0.53777313,131344,160860,50027,164030
106,0,0.5661348,131462,160277,50682,161532
106,0,0.5237601,131269,161101,49676,163785
106,0,0.5705863,131473,160202,51048,163019
106,0,0.53503764,131356,160803,50079,164219
108,0,0.5502275,142012,67082,32706,100084
108,0,0.5143638,142037,66843,32586,99351
108,0,0.5394917,142047,66815,32862,99384
108,0,0.55299205,142202,71564,33814,109250
108,0,0.5216036,142104,71910,33952,110740
109,0,0.5485325,142013,67008,32729,100029
109,0,0.51264143,142037,66769,32606,99317
109,0,0.538026,142047,66740,32883,99318
109,0,0.5524218,142204,71043,33816,108240
109,0,0.521362,142107,71380,33950,109717
110,0,0.5833889,141664,67532,32399,98219
110,0,0.5635302,141690,67359,32309,98000
110,0,0.5743426,141693,67286,32516,97719
110,0,0.53818023,141947,71764,33927,108430
110,0,0.50675213,141856,72100,33988,109609
111,0,0.5749618,141593,67529,32237,98545
111,0,0.55274016,141618,67344,32142,98133
111,0,0.5658355,141620,67279,32357,98052
111,0,0.54103434,141879,72627,33825,110321
111,0,0.51005805,141785,72928,33900,111420
112,0,0.5839487,141609,67752,32177,99697
112,0,0.55960995,141644,67559,32092,99281
112,0,0.5742003,141653,67508,32341,99087
112,0,0.5383971,141840,75858,34043,117406
112,0,0.50776035,186058,145867,45888,185164
112,0,0.5074684,141772,76043,34118,117808
112,0,0.5295024,186062,146084,45975,186229
113,0,0.5849956,141584,67760,32083,99701
113,0,0.5607984,141619,67567,31998,99299
113,0,0.5753892,141628,67516,32246,99089
113,0,0.5390635,141829,75625,33976,116915
113,0,0.50505805,186094,145713,45849,184928
113,0,0.50831044,141762,75810,34050,117345
113,0,0.5266004,186093,145903,45944,185965
114,0,0.58597,141578,67963,32155,100250
114,0,0.561897,141615,67763,32069,99841
114,0,0.57660484,141620,67755,32319,99632
114,0,0.551866,141754,77329,34066,120262
114,0,0.5217637,141690,77357,34134,120404
115,0,0.5421846,141090,67897,31519,99319
115,0,0.5195443,141137,67702,31437,99257
115,0,0.5337132,141133,67672,31644,98634
115,0,0.5438258,141587,76805,33657,119000
115,0,0.5114961,141532,77050,33769,119552
116,0,0.5284631,141163,67875,31448,99273
116,0,0.504844,141207,67677,31367,99151
116,0,0.5194268,141204,67642,31573,98566
116,0,0.5379349,141604,77652,33584,120758
116,0,0.5056889,141547,77821,33701,121180
117,0,0.57408863,141014,67932,31519,98798
117,0,0.5540297,141057,67741,31414,98658
117,0,0.5671979,141052,67704,31590,98234
117,0,0.5675708,141398,77485,33232,120111
117,0,0.53481954,141344,77640,33298,120101
118,0,0.5323485,140942,67863,31198,97208
118,0,0.5150552,140996,67696,31154,97226
118,0,0.5254759,140988,67659,31244,96818
118,0,0.55965364,141468,74827,33265,114417
118,0,0.53095937,141415,75046,33390,115021
119,0,0.5354848,140934,67851,31176,97204
119,0,0.5184365,140987,67685,31134,97248
119,0,0.52873427,140979,67655,31222,96821
119,0,0.56143117,141462,74880,33231,114458
119,0,0.5327567,141410,75111,33355,115074
120,0,0.547034,140922,67829,31161,97225
120,0,0.53055894,140975,67665,31114,97283
120,0,0.5405143,140966,67639,31203,96863
120,0,0.5634324,141445,74230,33153,113274
120,0,0.53430784,141392,74474,33272,113927
121,0,0.5358037,140916,68173,31017,96951
121,0,0.5231482,140976,68028,30972,97352
121,0,0.527796,140955,68024,31059,96706
121,0,0.5599577,141431,76749,32996,116586
121,0,0.5277421,141388,77112,33120,117285
125,0,0.51702005,140075,82086,31098,123366
126,0,0.5230286,139975,82465,30853,124385
127,0,0.5335502,139557,82799,30432,125197
128,0,0.56575227,140299,80768,31637,120649
128,0,0.53306836,140279,80787,31829,121396
129,0,0.50555664,140243,78913,32551,117505
129,0,0.50205153,140177,78835,32648,120109
129,0,0.614827,140179,84786,32955,129368
129,0,0.55592734,140271,86123,33561,129863
129,0,0.5850439,140149,84517,33041,129521
129,0,0.5606377,140236,86013,33486,129084
130,0,0.50858057,140254,79135,32563,117882
130,0,0.50607514,140189,79036,32655,120436
130,0,0.61762315,140177,84957,32972,129689
130,0,0.55928195,140257,86150,33537,129836
130,0,0.5890424,140147,84667,33056,129874
130,0,0.5668058,140221,86035,33453,129076
131,0,0.5953294,138579,85319,32096,126923
131,0,0.5268609,138947,86802,32427,127890
131,0,0.5632473,138590,85322,32288,127827
131,0,0.54036427,138886,86694,32387,127632
132,0,0.59039044,138616,84867,32152,126035
132,0,0.51851445,138942,86752,32494,127712
132,0,0.5592385,138622,84912,32346,127014
132,0,0.5311012,138886,86635,32458,127404
134,0,0.5007185,138287,75544,32976,100247
135,0,0.52145094,137918,83751,32874,119570
135,0,0.6505966,137611,89457,32366,122273
135,0,0.51867706,137934,83653,32842,120640
135,0,0.66906273,137654,89352,32588,122791
135,0,0.70455027,137494,86276,33023,128482
135,0,0.70164573,137867,86167,32415,128055
135,0,0.6095917,138065,87892,32139,129081
135,0,0.6756295,137554,86164,33160,128983
135,0,0.70887566,137910,86286,32437,128032
135,0,0.60165226,138135,87852,32508,129375
136,0,0.62417376,137380,90240,32213,122007
136,0,0.6494765,137475,90094,32566,122697
136,0,0.6558524,137244,86915,32618,129327
136,0,0.66898644,137612,86761,32274,129090
136,0,0.5827578,137775,88418,31899,129609
136,0,0.6243461,137311,86768,32765,129758
136,0,0.67779183,137678,86842,32337,129092
136,0,0.5770039,137843,88371,32207,130127
137,0,0.62671113,137507,90507,32464,121428
137,0,0.64957845,137589,90343,32803,121965
137,0,0.6491473,137263,87214,32704,128392
137,0,0.66915727,137662,87023,32324,128354
137,0,0.58733773,137852,88612,32014,129029
137,0,0.61812323,137331,87039,32841,128788
137,0,0.6794956,137729,87108,32398,128358
137,0,0.58188736,137913,88549,32314,129568
138,0,0.62451035,137503,90538,32452,121395
138,0,0.647398,137585,90374,32793,121945
138,0,0.6453372,137256,87221,32704,128375
138,0,0.6667106,137661,87030,32320,128410
138,0,0.58405095,137849,88630,32000,128998
138,0,0.6142838,137324,87046,32842,128760
138,0,0.6765807,137728,87117,32395,128414
138,0,0.578442,137911,88567,32300,129557
139,0,0.56675726,138696,89656,33981,121420
139,0,0.58819985,138682,89499,34116,122059
139,0,0.58678067,137889,86589,33741,124630
139,0,0.59852505,138421,86694,33798,124965
139,0,0.56249726,137959,86512,33814,125032
139,0,0.60908985,138459,86784,33886,124633
140,0,0.56256515,138692,89482,34038,121422
140,0,0.5848593,138678,89336,34176,122112
140,0,0.5913677,137917,86405,33786,124751
140,0,0.59980685,138429,86537,33887,124881
140,0,0.56707156,137986,86334,33862,125152
140,0,0.6098876,138466,86629,33970,124586
141,0,0.5048638,137672,87874,31451,115417
141,0,0.57001483,137529,84229,32549,121055
141,0,0.54915535,137980,85720,32345,121421
141,0,0.5482616,137582,84254,32664,121504
141,0,0.54408556,138013,85842,32500,121777
142,0,0.5046567,137655,87916,31485,115281
142,0,0.5695879,137520,84326,32578,120855
142,0,0.549943,137967,85799,32353,121274
142,0,0.5476104,137574,84341,32692,121309
142,0,0.5448034,138001,85919,32503,121640
148,0,0.5115686,140927,72454,34107,101098
148,0,0.5045221,140902,72502,34149,101777
149,0,0.5009649,90521,83808,13500,57914
150,0,0.504163,90522,83812,13498,57928
159,0,0.57705665,141019,66102,30184,92318
159,0,0.57149863,141044,66025,30241,93487
159,0,0.5715952,141030,66083,30277,92177
159,0,0.5476181,141166,65475,30924,88926
159,0,0.6176652,141401,66213,30987,92168
159,0,0.5742812,141421,66390,31680,93587
159,0,0.53202474,156065,315529,121131,187137
159,0,0.5259318,141164,65425,30978,89338
159,0,0.597056,141352,66193,31015,92622
159,0,0.53894687,141390,66455,31793,94366
159,0,0.54058003,156110,315999,120289,186705
159,0,0.5329673,156659,315929,121559,186069
160,0,0.58014107,141002,66023,30080,92198
160,0,0.5747198,141026,65948,30132,93385
160,0,0.57466555,141011,66010,30169,92062
160,0,0.5576953,141155,65471,30830,88961
160,0,0.61920154,141385,66068,30873,91834
160,0,0.57833505,141394,66283,31587,93308
160,0,0.52855283,156083,315417,121128,187272
160,0,0.5357093,141153,65419,30888,89358
160,0,0.59738755,141338,66048,30909,92284
160,0,0.5423102,141359,66351,31694,94068
160,0,0.53715366,156130,315847,120315,186932
160,0,0.5302097,156660,315788,121522,186331
161,0,0.65887547,140927,67118,29429,93473
161,0,0.5171574,141490,66533,29667,92774
161,0,0.51424813,141108,73207,30296,108128
161,0,0.6531087,140947,67071,29485,95017
161,0,0.5148092,141505,66561,29982,92613
161,0,0.6563884,140923,67183,29506,93326
161,0,0.5200766,141516,66708,30010,92311
161,0,0.51010734,141101,73177,30351,109450
161,0,0.6640384,141209,70098,30725,99044
161,0,0.58818233,141346,69484,31125,99086
161,0,0.63144684,141153,70055,30799,99626
161,0,0.54714847,141349,69292,31269,99577
161,0,0.6459257,120121,190414,47522,246976
161,0,0.57662296,120292,191633,48131,242998
162,0,0.62856925,140902,67672,29792,93755
162,0,0.53754354,141060,75392,30846,111422
162,0,0.62094486,140933,67622,29878,95117
162,0,0.6241336,140914,67693,29897,93623
162,0,0.5323588,141058,75409,30907,113527
162,0,0.65018153,141195,72792,31279,103309
162,0,0.53306365,141356,70939,31446,100942
162,0,0.50002825,156464,313626,121326,189288
162,0,0.6208132,141137,72751,31353,104160
162,0,0.6452949,120512,190423,47751,247397
162,0,0.5877934,120689,191779,48745,243285
162,0,0.50725037,156496,313982,120493,189622
163,0,0.54544026,141323,80700,31247,120032
163,0,0.51063067,141276,80649,31420,121129
163,0,0.5319228,117975,186925,48997,258559
163,0,0.50111175,156284,314763,122183,189056
164,0,0.53035206,141640,80096,31697,120412
164,0,0.50322425,156889,313927,124475,190183
164,0,0.5018921,117697,187485,47720,258824
164,0,0.5108623,156917,314363,123600,190443
164,0,0.50328666,157373,314369,124517,189699
165,0,0.5294392,155976,314552,122544,189539
165,0,0.5069492,113905,188729,48793,264005
165,0,0.5389688,156010,315071,121671,189430
165,0,0.5316993,156484,315033,122758,188740
166,0,0.5285739,155976,314567,122595,189526
166,0,0.5034446,113993,188653,48681,265022
166,0,0.53809714,156012,315095,121718,189407
166,0,0.53072906,156498,315056,122828,188717
167,0,0.5473112,157102,314102,124227,190382
167,0,0.5543238,157158,314628,123405,190629
167,0,0.5492695,157594,314598,124415,189983
168,0,0.54700965,157126,314050,124213,190488
168,0,0.554101,157181,314574,123389,190752
168,0,0.54902095,157618,314548,124400,190093
169,0,0.53104407,142333,80533,31913,128409
169,0,0.5354279,142492,85730,32755,138774
169,0,0.5349609,156973,313981,123336,190418
169,0,0.5022408,142253,80117,32037,128351
169,0,0.541561,157016,314389,122577,190786
169,0,0.5374469,157429,314407,123522,190048
170,0,0.5344112,142381,80448,31855,128358
170,0,0.533709,142504,85556,32677,138660
170,0,0.5388872,157023,314017,123463,190361
170,0,0.50522375,142298,80032,31976,128283
170,0,0.54531217,157065,314434,122712,190709
170,0,0.54139996,157473,314453,123659,189955
171,0,0.50405526,142815,78874,31932,127006
171,0,0.53524995,156072,314650,121570,189309
171,0,0.5434759,156124,315214,120860,189317
171,0,0.53812885,156621,315231,121883,188551
172,0,0.54544514,156348,314217,122329,189850
172,0,0.55371755,156395,314749,121602,190077
172,0,0.54925615,156830,314762,122549,189364
173,0,0.5430795,142825,77999,31400,118691
173,0,0.52955395,142846,77781,31439,120301
173,0,0.5366615,143181,79308,32200,126753
173,0,0.5413869,143724,78526,32135,125060
173,0,0.5631033,157458,314433,124108,189399
173,0,0.504563,143074,78989,32262,126579
173,0,0.5075945,143743,78014,32180,124678
173,0,0.5697369,157532,315115,123376,189571
173,0,0.5631512,158250,315110,124782,188814
174,0,0.524869,142834,77819,31374,118237
174,0,0.51109064,142856,77610,31415,119994
174,0,0.53203344,143223,78734,32207,125456
174,0,0.5405994,143736,77973,32125,123796
174,0,0.5469355,157530,314266,124281,189680
174,0,0.50025326,143118,78433,32273,125283
174,0,0.5070898,143754,77445,32171,123336
174,0,0.55421114,157607,314929,123563,189898
174,0,0.5479552,158330,314928,124984,189145
175,0,0.5647722,142855,69383,30662,99174
175,0,0.53349906,142642,77249,31083,116487
175,0,0.53952897,142874,69253,30697,98958
175,0,0.5366999,142847,69213,30791,98991
175,0,0.51824725,142659,77017,31147,117984
175,0,0.57758105,143065,78238,32089,123768
175,0,0.5461923,143557,76099,31998,119085
175,0,0.5461917,142966,77862,32123,123450
175,0,0.5102252,143565,75570,32053,118625
176,0,0.5684584,142872,69510,30689,99645
176,0,0.5353916,142700,77507,31121,116873
176,0,0.54300416,142895,69382,30734,99360
176,0,0.5400107,142867,69346,30817,99466
176,0,0.51892036,142719,77279,31200,118499
176,0,0.5721175,143106,78100,32118,123745
176,0,0.54906565,143621,76297,32046,119748
176,0,0.54131997,143010,77746,32156,123478
176,0,0.5137673,143629,75783,32093,119371
177,0,0.55638176,143301,78034,32045,119308
177,0,0.5466916,143328,77789,32067,120745
177,0,0.537393,143618,78589,32761,124442
177,0,0.62957036,144287,78751,32637,124815
177,0,0.50410616,159979,314329,129849,190134
177,0,0.51163566,143506,78268,32759,124012
177,0,0.6005953,144320,78276,32621,124602
177,0,0.50939244,160064,314766,129236,190611
177,0,0.5059772,160754,314808,130096,189622
178,0,0.55936515,143304,77992,32063,119256
178,0,0.5497788,143331,77746,32077,120614
178,0,0.5417489,143609,78579,32754,124413
178,0,0.6320772,144261,78732,32633,124797
178,0,0.50727355,159846,314313,129552,190189
178,0,0.5161361,143495,78255,32749,123966
178,0,0.60288066,144294,78264,32614,124593
178,0,0.51278776,159936,314768,128938,190632
178,0,0.5093996,160648,314808,129846,189631
179,0,0.5310329,143105,77923,32059,120226
179,0,0.5207689,143104,77785,31964,122517
179,0,0.53980577,143401,77980,32624,123839
179,0,0.6171738,144067,78124,32606,123800
179,0,0.5152327,143312,77585,32642,123287
179,0,0.5882776,144085,77627,32562,123970
180,0,0.53974754,143032,77849,31913,120240
180,0,0.52939427,143028,77724,31816,122493
180,0,0.5463379,143324,78089,32442,124181
180,0,0.61133444,143952,78015,32423,123657
180,0,0.5210763,143233,77687,32464,123639
180,0,0.5806607,143973,77524,32391,123830
181,0,0.61536306,143035,78819,32158,123574
181,0,0.6084757,143047,78697,32055,125793
181,0,0.54587513,143131,80353,32581,129250
181,0,0.60673356,143895,80641,32703,129791
181,0,0.5765523,143212,84626,33850,136301
181,0,0.55412394,144219,84561,34072,139382
181,0,0.51614916,143039,79919,32569,128793
181,0,0.57929444,143910,80308,32637,130950
181,0,0.5517181,143212,84455,34000,136114
181,0,0.5195737,144172,84542,33984,139105
182,0,0.56502265,143328,78444,32504,122417
182,0,0.560374,143344,78367,32379,124539
182,0,0.54504573,143414,79138,32952,127453
182,0,0.64990395,144068,79795,32873,128071
182,0,0.5202886,143449,84518,34295,136488
182,0,0.55142576,144328,84054,34200,138384
182,0,0.51729405,143328,78705,32943,126794
182,0,0.6248355,144088,79438,32803,129104
182,0,0.51752496,144308,84017,34124,138135
183,0,0.55469877,143324,78437,32491,122330
183,0,0.5498318,143339,78366,32379,124527
183,0,0.5432947,143422,79028,32942,127153
183,0,0.6461587,144067,79701,32846,127832
183,0,0.5134724,143443,84526,34326,136376
183,0,0.54329604,144320,84084,34180,138386
183,0,0.51591426,143335,78611,32938,126510
183,0,0.6210342,144087,79328,32784,128812
183,0,0.5101336,144299,84045,34101,138127
184,0,0.57263577,143259,78704,32366,122779
184,0,0.5689523,143279,78625,32236,124924
184,0,0.5443365,143334,79546,32787,128594
184,0,0.63860434,144045,80231,32772,129265
184,0,0.5445548,143389,84639,34166,136925
184,0,0.56682074,144291,84253,34118,139001
184,0,0.51560277,143248,79144,32787,128019
184,0,0.61362785,144063,79935,32714,130541
184,0,0.5225609,143380,84519,34335,137015
184,0,0.5328473,144275,84220,34060,138773
185,0,0.544238,143318,78480,32493,121631
185,0,0.56202286,94676,100678,24918,93841
185,0,0.51675946,94471,103980,25034,96445
185,0,0.56403416,94519,100606,24586,93862
185,0,0.5162968,94372,103884,24799,96599
185,0,0.5377286,143337,78400,32286,123734
185,0,0.5623706,94400,100654,24454,93500
185,0,0.5281904,94373,103822,25018,96255
185,0,0.5145254,143309,78851,32615,125639
185,0,0.6107982,143993,79719,32707,126737
185,0,0.5790629,94686,102593,25692,98308
185,0,0.5586984,143459,85743,34157,136985
185,0,0.5595306,144149,85212,34268,139357
185,0,0.5854399,144026,79483,32673,128011
185,0,0.5382113,143462,85571,34392,137158
185,0,0.52680933,144150,85160,34240,139124
186,0,0.54724115,143318,78525,32491,121792
186,0,0.5679043,94534,100579,24622,93863
186,0,0.5189129,94387,103926,24848,96655
186,0,0.5708103,94371,100503,24273,93936
186,0,0.5179729,94289,103827,24614,96788
186,0,0.54077196,143337,78449,32283,123919
186,0,0.5682417,94254,100542,24146,93533
186,0,0.5303302,94292,103768,24833,96432
186,0,0.515589,143312,78969,32614,125920
186,0,0.61146545,143995,79828,32711,126995
186,0,0.58296436,94566,102501,25437,98244
186,0,0.5615728,143465,85721,34142,136989
186,0,0.56324834,144159,85195,34264,139326
186,0,0.5863907,144026,79593,32674,128316
186,0,0.54088044,143469,85549,34374,137164
186,0,0.5305603,144157,85142,34233,139089
187,0,0.6990216,161265,311475,134987,194327
187,0,0.6165291,164728,310643,142203,196541
187,0,0.699043,161255,311786,134311,195211
187,0,0.61838377,164786,311165,141920,196477
187,0,0.6961211,161509,311813,134932,194125
187,0,0.619242,164423,311133,141279,195854
188,0,0.6873064,161450,311504,135420,194294
188,0,0.6086175,164836,310669,142426,196532
188,0,0.6876281,161444,311836,134743,195205
188,0,0.61064094,164893,311211,142121,196452
188,0,0.68447816,161716,311869,135389,194099
188,0,0.6115356,164531,311173,141512,195833
206,0,0.5037164,320496,140499,39085,181160
215,0,0.5323503,318715,152872,40927,165257
215,0,0.5217726,318680,152698,41258,164824
216,0,0.5841515,318814,152312,40536,164053
216,0,0.57502174,318777,152135,40855,163468
221,0,0.53277516,196270,77543,27858,128427
222,0,0.5381575,196260,77566,27879,128384
324,0,0.5026197,199763,156915,43627,182558
324,0,0.50234526,199867,157102,44528,183221
326,0,0.52799493,199521,156804,44666,182946
326,0,0.5279628,199606,156963,45510,183546
327,0,0.50743526,199270,156806,44848,182738
327,0,0.5075592,199352,156978,45775,183375
328,0,0.51360345,199063,156884,44598,182856
328,0,0.5125576,199136,157073,45524,183405
329,0,0.5353961,199480,156743,44547,183505
329,0,0.53331006,199581,156920,45456,184230
330,0,0.51513195,199506,156777,44438,183260
330,0,0.5124251,199602,156959,45366,183999
332,0,0.5035394,199780,156278,44345,183389
332,0,0.50233036,199899,156449,45273,184083
333,0,0.5478717,200241,156483,43326,182517
333,0,0.544557,200374,156570,44164,182988
334,0,0.54317796,200249,156558,43316,182661
334,0,0.5404213,200380,156641,44162,183242
335,0,0.56072915,200246,156751,42649,182439
335,0,0.5556034,200373,156821,43502,183182
335,0,0.502781,201061,156622,42255,181257
336,0,0.55412364,200246,156673,42688,182506
336,0,0.54937744,200374,156750,43555,183283
337,0,0.5667075,200006,156480,41731,181487
337,0,0.56214005,200079,156519,42478,182087
337,0,0.5001047,200896,156277,41157,180148
338,0,0.564615,199999,156457,41787,181676
338,0,0.5606008,200073,156514,42545,182302
341,0,0.56763923,200147,155474,41555,180648
341,0,0.505502,200877,155428,40153,178356
341,0,0.5597476,200215,155381,42073,180738
341,0,0.50115263,200777,155573,40653,178257
342,0,0.5295225,200085,155416,41476,180603
342,0,0.52266735,200165,155356,42088,180876
464,0,0.5014141,183636,110189,26764,119407
473,0,0.509488,301587,173051,48245,168179
474,0,0.50765353,301693,172983,47981,168255
475,0,0.54115933,302902,175268,45933,167267
475,0,0.540399,302816,175134,46076,166818
476,0,0.5608833,302709,175073,45986,166379
476,0,0.56108946,302611,174933,46154,166055
477,0,0.59300613,300269,175144,49094,164662
477,0,0.5917602,300190,175108,49359,164359
478,0,0.5704307,299968,175116,48666,164591
478,0,0.5679948,299888,175076,48962,164314
480,0,0.50149685,298572,174263,47176,159962
511,0,0.5395595,124624,322709,89281,168335
511,0,0.545466,124897,324021,87576,168148
511,0,0.5400018,124938,323966,87727,167667
511,0,0.5344863,125028,324013,87630,167497
575,0,0.5373772,115900,276662,70013,271773
576,0,0.52311015,115796,276705,69828,271683
589,0,0.5694821,125999,280257,62295,262992
590,0,0.5424225,126315,278795,62791,265136
591,0,0.6474151,128225,278089,67182,267927
591,0,0.57931364,128605,277557,68330,269648
592,0,0.6405857,128205,278054,67102,268081
592,0,0.571439,128596,277501,68282,269839
593,0,0.51556325,131584,267023,75402,283534
593,0,0.67886585,128617,274026,68575,276321
593,0,0.6332613,128838,273223,69227,277935
594,0,0.51328963,131624,267392,75665,282475
594,0,0.67857945,128620,274236,68657,275993
594,0,0.6331066,128836,273465,69255,277574
595,0,0.6453558,129028,274511,70102,274280
595,0,0.606769,129186,273767,70550,276137
596,0,0.64625645,128853,274812,69738,274192
596,0,0.60433716,129042,274142,70304,275950
597,0,0.5294463,128782,275995,69672,271923
598,0,0.5857995,128722,275156,69792,273794
598,0,0.5478049,128944,274430,70488,275595
642,0,0.5085074,107838,89722,46950,166800
654,0,0.5295326,96276,216417,77445,374337
655,0,0.53359866,96592,216238,77767,375699
655,0,0.50168926,97337,216367,79833,380103
656,0,0.5417566,96946,216555,77739,375480
656,0,0.51164454,97669,216657,79714,379547
657,0,0.5887914,96648,217022,76090,368792
657,0,0.51522267,101596,214698,83008,371841
657,0,0.5562692,97174,217231,77749,372407
658,0,0.5927817,96447,217504,76309,367542
658,0,0.5587908,96995,217773,78028,371053
661,0,0.51001,93107,198576,67278,357644
662,0,0.51298225,93150,198562,67394,357123
663,0,0.5160193,91538,194388,66666,342582
664,0,0.5113645,91521,194456,66696,343524
665,0,0.5270319,91563,195214,70922,367508
666,0,0.53108126,91535,195060,70916,367798
666,0,0.5005758,91661,194369,71437,371911
675,0,0.62590605,94640,218912,109842,385867
675,0,0.6428174,95293,219169,111824,390034
676,0,0.6066711,94936,219789,110309,384052
676,0,0.62332916,95563,220013,112130,388318
677,0,0.6249417,90534,219459,105237,390137
677,0,0.64264345,91172,219659,107047,394159
678,0,0.6305343,91002,219728,105987,388955
678,0,0.6482082,91625,219982,107776,392982
679,0,0.6229347,89193,217136,105316,393253
679,0,0.6393576,89679,217080,106516,394655
680,0,0.6302126,89307,217065,105486,392771
680,0,0.6471471,89815,217028,106737,394426
681,0,0.57666945,89529,220165,106930,388136
681,0,0.6192444,88412,229944,104922,346701
681,0,0.59915084,90089,220258,108236,390003
681,0,0.60115314,88291,231251,105247,348464
682,0,0.5730548,89511,220107,106518,388049
682,0,0.6236196,88337,230183,104261,345962
682,0,0.59513295,90081,220154,107853,390027
682,0,0.6051457,88172,231466,104520,347702
683,0,0.6173131,194560,81212,44306,157629
683,0,0.6571417,194607,82501,43455,158625
683,0,0.60152876,194555,81440,44647,158696
683,0,0.6449039,194593,82441,43735,158896
683,0,0.54549503,90837,217020,107697,383809
683,0,0.55009294,90079,231674,105818,338272
683,0,0.57233375,91171,216734,108319,385569
683,0,0.533962,89997,232486,106516,340310
684,0,0.5654258,194561,80917,44093,157085
684,0,0.6019767,194595,82349,43136,158462
684,0,0.54800475,194556,81181,44512,158112
684,0,0.5900949,194560,82230,43505,158742
684,0,0.55903083,91731,217067,109655,384441
684,0,0.5636496,90508,232075,106401,338251
684,0,0.58655477,92026,216800,110202,385594
684,0,0.54827774,90482,232864,107124,340164
685,0,0.5388466,197367,83012,37909,162691
685,0,0.5497047,197332,83964,38128,162215
685,0,0.512653,197263,83354,38283,163463
685,0,0.5303328,197273,83935,38523,161871
685,0,0.50952846,89373,218703,105114,382417
685,0,0.5426692,88419,234135,102178,333587
685,0,0.5281927,89317,217902,104657,382669
685,0,0.5309563,88361,234042,102185,335788
686,0,0.52616215,197348,82963,37945,162613
686,0,0.5342346,197319,83894,38159,162092
686,0,0.50035876,197247,83327,38313,163362
686,0,0.5152867,197262,83860,38548,161778
686,0,0.51705986,89369,218773,105260,382102
686,0,0.5462018,88261,234041,102000,333821
686,0,0.53571796,89317,218032,104801,382626
686,0,0.53444636,88195,233942,101954,336028
687,0,0.5319915,195168,86732,39419,159032
687,0,0.52461076,196347,87554,39028,156505
687,0,0.6143501,195037,84500,41566,165401
687,0,0.67536134,195230,85613,41214,164418
687,0,0.5996817,195037,84832,41706,166021
687,0,0.65832,195260,85558,41402,163936
688,0,0.54465646,195149,86816,39367,158623
688,0,0.5350777,196289,87595,39051,156187
688,0,0.6210474,195025,84448,41524,165204
688,0,0.68248886,195216,85607,41158,164327
688,0,0.6061826,195028,84778,41659,165806
688,0,0.6654577,195249,85544,41341,163812
701,0,0.5580509,190269,90220,49203,181011
701,0,0.56608063,190170,90274,49683,180477
701,0,0.52535355,114597,210316,115873,393569
701,0,0.53948545,114650,211079,117447,399762
702,0,0.5639025,190233,90188,49230,180890
702,0,0.57193726,190134,90246,49707,180327
702,0,0.53038317,114554,209983,115873,393606
702,0,0.54394054,114595,210707,117608,399599
703,0,0.5345813,114947,210470,109864,393141
703,0,0.5462939,115105,210632,110577,398958
704,0,0.5501155,114390,210847,108452,391229
704,0,0.5618173,114498,211036,109183,396829
711,0,0.6106783,69363,142596,68419,273215
711,0,0.6439021,69520,149456,69556,284227
711,0,0.55102074,69475,142663,69662,274197
711,0,0.58180857,69892,152202,71161,288928
712,0,0.61074644,69408,142786,68497,273867
712,0,0.65069675,69585,149633,69700,285147
712,0,0.5527185,69510,142825,69702,274846
712,0,0.5898295,69935,152354,71234,289755
715,0,0.503972,60844,140038,64193,265410
715,0,0.53251606,62609,140472,64821,267652
716,0,0.5005454,60849,140024,64140,265486
716,0,0.5276491,62653,140451,64853,267613
717,0,0.64148754,60093,138154,69909,262893
717,0,0.6116838,61429,137942,70220,264409
717,0,0.59888685,60332,137550,70666,264093
717,0,0.595953,61716,137895,70803,265381
718,0,0.632118,60065,138217,69956,263147
718,0,0.6050118,61423,138010,70310,264709
718,0,0.58907527,60314,137616,70741,264372
718,0,0.58950245,61713,137961,70882,265682
721,0,0.5246991,54686,137528,68263,253321
722,0,0.5208009,54734,137633,68335,252860
731,0,0.5102214,81495,111326,51744,206297
731,0,0.5506488,83044,111350,55112,204834
731,0,0.53292346,81642,111778,51953,207624
731,0,0.578325,82922,111449,54984,205912
732,0,0.5164878,83452,112117,55698,207234
732,0,0.50127983,82054,112451,52605,210213
732,0,0.5474258,83367,112279,55592,208615
733,0,0.5050602,79449,112901,50159,212692
733,0,0.5001815,80583,112947,52600,209806
733,0,0.5378636,79507,113549,50424,213686
733,0,0.53087413,80490,113066,52726,211206
734,0,0.58656394,79273,111297,49780,217602
734,0,0.5793279,79176,112403,49796,216334
734,0,0.67577434,79305,112394,49922,220658
734,0,0.6392183,79121,112716,49883,216536
735,0,0.59055465,79287,111272,49801,217600
735,0,0.5826838,79179,112383,49814,216346
735,0,0.67869574,79320,112351,49942,220654
735,0,0.6424938,79124,112691,49896,216518
736,0,0.59434104,79338,111083,49927,217477
736,0,0.58808,79268,112252,50033,216143
736,0,0.6794302,79369,112134,50053,220430
736,0,0.6476263,79211,112544,50112,216348
737,0,0.5192837,78268,104765,44883,203006
737,0,0.5947016,78633,107969,47115,212699
737,0,0.5359426,78799,110866,47544,214727
737,0,0.5321587,78453,104859,45383,208039
737,0,0.6413129,78716,108748,47401,214518
737,0,0.58484805,78827,111357,47824,215082
738,0,0.5596399,78446,108086,46720,212335
738,0,0.5081603,78657,111139,47169,214503
738,0,0.5033192,78314,104971,45036,208023
738,0,0.6085368,78526,108915,47014,214305
738,0,0.55691344,78699,111671,47497,215003
739,0,0.51032305,77135,104834,44143,205503
739,0,0.54358476,77184,105385,44442,207826
739,0,0.50755847,242640,129368,56067,249269
740,0,0.5188988,76559,102581,42735,198673
740,0,0.50460356,76629,104434,43297,205788
740,0,0.5249918,76680,102612,43180,203376
740,0,0.5397144,76675,105019,43639,208320
740,0,0.61167365,242784,129392,55953,249088
740,0,0.53198665,243431,129435,55636,254284
741,0,0.5030915,76069,105101,42394,204185
741,0,0.56028956,76159,104621,42756,206817
741,0,0.51314473,76200,105253,42903,209370
741,0,0.5886221,76243,105184,43166,209905
741,0,0.6629165,243465,132442,58059,257240
741,0,0.61013424,244179,131742,58920,259809
742,0,0.56627905,76009,104809,41882,203155
742,0,0.62082136,76083,103965,42165,205102
742,0,0.5731329,76137,104860,42387,207734
742,0,0.6396246,76155,104382,42566,207710
742,0,0.5553769,243105,133071,59063,257244
742,0,0.51947254,244135,132323,59584,260970
761,0,0.5109394,70758,92508,31679,182942
762,0,0.52188367,70755,92565,31754,183002
762,0,0.50063264,70697,92454,32070,184097
763,0,0.6342802,69625,89618,30441,180929
763,0,0.56200635,69691,89630,31279,182312
764,0,0.6315912,69704,89625,30598,180970
764,0,0.5629881,69768,89632,31398,182352
765,0,0.64972496,70229,87996,31762,177584
765,0,0.6016984,70279,87924,32283,178148
766,0,0.6427057,70379,88040,31825,177728
766,0,0.59854305,70421,87944,32258,178293
767,0,0.5643696,70297,90381,31214,180782
767,0,0.52557445,70282,90258,31581,181384
768,0,0.587107,70416,91192,31482,182062
768,0,0.55039114,70388,91020,31876,182742
768,0,0.59178495,158454,277005,142657,270745
768,0,0.58622676,158444,276719,142808,272217
803,0,0.6320167,31009,140425,35154,147394
803,0,0.6115242,31054,140273,35257,149063
804,0,0.6056741,30987,140106,35208,147277
804,0,0.5859775,31030,139935,35311,148882
805,0,0.67622405,31212,142193,34668,154218
805,0,0.6178627,31294,143009,34785,157131
805,0,0.6595956,31266,142248,34807,155601
805,0,0.6064683,31374,142707,34858,157234
806,0,0.6038366,31114,141886,34265,153418
806,0,0.5321074,31214,143022,34411,155243
806,0,0.5877821,31193,141831,34489,154591
806,0,0.51993036,31297,142668,34499,155343
807,0,0.64364,30919,139711,34717,150985
807,0,0.5471262,30729,141009,34480,155339
807,0,0.627301,30925,139570,34819,152150
807,0,0.53823805,30791,140707,34552,154825
808,0,0.6447561,30995,139920,34756,151569
808,0,0.5514118,30780,141168,34531,155446
808,0,0.6289421,31003,139765,34870,152621
808,0,0.54202557,30839,140885,34608,154931
809,0,0.6836301,31016,138502,34533,146561
809,0,0.6080008,30668,140461,34136,147433
809,0,0.669324,31014,138318,34610,147120
809,0,0.5976657,30721,140254,34186,147687
810,0,0.6813076,30990,138452,34516,146083
810,0,0.6064698,30640,140366,34117,146886
810,0,0.6665633,30986,138270,34593,146699
810,0,0.59593654,30695,140159,34173,147249
815,0,0.5553766,193530,159620,53735,274347
816,0,0.5313525,193540,159036,53768,276756
817,0,0.50478286,37530,123682,33537,136888
817,0,0.5415792,37653,129220,34747,133426
817,0,0.5311485,37538,129123,35092,133789
821,0,0.6188392,193605,172204,47392,243239
822,0,0.64620554,196358,172695,50128,255966
823,0,0.6409398,196431,173118,50293,256358
824,0,0.5474242,196759,173051,49721,265993
825,0,0.5275944,196723,172860,49697,267835
826,0,0.5092682,196666,173321,49575,269133
827,0,0.66824836,198262,174989,54249,251905
828,0,0.6790981,198219,174022,53833,249429
828,0,0.5018284,197844,173939,52171,256074
829,0,0.7388571,198623,175099,57995,265757
829,0,0.55201244,198263,173757,55991,269611
830,0,0.7350106,198600,174906,58101,266317
830,0,0.54302466,198216,173565,56009,270335
830,0,0.5048951,110651,314138,112594,191602
831,0,0.53828716,109320,311609,111207,194823
831,0,0.7263157,199239,171877,58858,269285
831,0,0.5428061,109389,311873,110830,195669
831,0,0.5314373,109268,312002,110869,194623
832,0,0.54161656,109343,311668,111248,194775
832,0,0.73217005,199206,171658,58818,267061
832,0,0.5460353,109411,311940,110867,195582
832,0,0.53457874,109292,312064,110913,194532
833,0,0.5545698,108704,311677,110212,194882
833,0,0.6724727,199153,175147,58107,273979
833,0,0.55382293,108764,311864,109959,195568
833,0,0.5465058,108643,311902,109949,194627
834,0,0.5589116,108712,311598,110230,195041
834,0,0.695337,199153,175422,57980,270847
834,0,0.5579756,108773,311779,109989,195763
834,0,0.550716,108651,311819,109981,194829
835,0,0.5303242,198275,166442,56258,227625
835,0,0.51574314,108512,310736,109526,196636
835,0,0.66619074,198125,177340,57800,271042
835,0,0.5147337,108603,310790,109437,197727
835,0,0.508266,108473,310876,109339,196824
836,0,0.6022363,197997,177226,57810,277988
837,0,0.54049313,60111,97057,34743,80200
837,0,0.5352508,60107,97075,34685,80844
837,0,0.5359269,60072,97013,34624,80083
837,0,0.5009773,60487,97118,35739,79111
837,0,0.5731758,197961,167244,58765,221268
837,0,0.5745202,60077,96651,35558,78867
837,0,0.5525876,60714,96706,35526,78873
837,0,0.56492645,60124,96645,35733,79295
837,0,0.53836673,60712,96582,35477,79394
837,0,0.5201008,197268,166172,59268,236706
837,0,0.7207924,197255,174910,58928,262206
838,0,0.55552036,59909,96956,34715,80718
838,0,0.55142814,59907,96970,34663,81367
838,0,0.50339705,60299,97077,35524,79593
838,0,0.5515973,59871,96906,34590,80587
838,0,0.5055185,60287,97027,35658,79558
838,0,0.5906297,198003,167290,59067,221386
838,0,0.5962371,59908,96527,35556,79421
838,0,0.56580997,60527,96620,35459,79319
838,0,0.5887949,59955,96523,35726,79831
838,0,0.5520533,60516,96505,35397,79831
838,0,0.52677774,197257,166215,59323,237787
838,0,0.729668,197269,175087,58982,262728
839,0,0.525191,58803,99121,32639,84694
839,0,0.5266758,58809,99155,32580,85455
839,0,0.5201571,58764,98980,32361,84148
839,0,0.5790098,58905,98286,33602,85256
839,0,0.57027096,58942,98194,33983,85687
839,0,0.66439056,195608,180383,58664,272190
839,0,0.5662328,194873,189208,56972,294918
840,0,0.5111598,58895,99038,32992,84782
840,0,0.5122266,58903,99069,32929,85533
840,0,0.505577,58860,98912,32714,84224
840,0,0.57283944,58989,98289,33889,85684
840,0,0.56664217,59017,98197,34231,86108
840,0,0.6566074,195654,180065,58741,271116
840,0,0.55107254,194888,189144,57023,296803
841,0,0.5254434,58822,99171,33043,85578
841,0,0.5267029,58831,99199,32977,86302
841,0,0.5204253,58785,99049,32757,85064
841,0,0.57919455,58928,98199,33947,86097
841,0,0.5739533,58958,98116,34281,86504
841,0,0.5044781,59582,103043,34935,96322
841,0,0.65666395,195645,179592,58731,270129
841,0,0.53734803,194858,189346,56954,298871
842,0,0.50120264,59304,105999,32334,98401
842,0,0.5381041,59065,99449,33194,88964
842,0,0.52984333,59098,99357,33603,89523
842,0,0.53861123,59663,105316,34641,100585
842,0,0.6453941,195686,179352,58834,273904
842,0,0.51700056,194988,189067,56877,300243
843,0,0.51904523,59538,99284,34640,87388
843,0,0.5457448,108780,310293,109846,198115
843,0,0.5189201,59560,99161,34963,87825
843,0,0.5213263,60144,106308,35629,101059
843,0,0.6491008,195738,179244,58975,271634
843,0,0.51496613,195079,189493,57283,303882
843,0,0.5465665,108886,310306,109841,198746
843,0,0.53845805,108789,310341,109800,198078
844,0,0.5468082,56001,191035,55023,261574
845,0,0.5468769,55924,190976,54897,261208
846,0,0.5172187,55904,190808,54942,263745
847,0,0.50742173,55909,190887,55269,264498
848,0,0.6837287,55417,191714,54161,254911
849,0,0.6875036,55464,191806,54188,255099
849,0,0.50014734,56008,192222,53835,257705
850,0,0.5581907,58490,191721,60429,272614
852,0,0.50722015,46734,73421,35940,79580
852,0,0.54633015,46921,73411,36199,77829
852,0,0.51638705,46859,73458,36333,78421
853,0,0.5315857,47019,73292,36214,77550
853,0,0.50139517,46957,73361,36340,78162
854,0,0.51678157,55677,193655,54448,284809
855,0,0.55895436,55905,192832,54871,282735
862,0,0.5035516,115104,313016,130242,191793
862,0,0.5032897,115191,313854,129518,191505
863,0,0.50405926,115208,313035,130341,191780
863,0,0.5034664,115306,313868,129666,191485
864,0,0.5258007,114269,313945,129392,190632
864,0,0.52585983,114405,314787,128852,189881
864,0,0.5045185,115063,314864,130078,188754
865,0,0.503469,113814,314168,128424,190224
865,0,0.50414544,113970,315011,127939,189288
866,0,0.52890134,113430,314206,127472,190134
866,0,0.52954584,113564,315098,127021,189321
866,0,0.50785905,114164,315187,128169,188246
867,0,0.5300133,113529,314227,127709,190127
867,0,0.5307243,113666,315128,127263,189303
867,0,0.50897384,114282,315218,128437,188233
868,0,0.51087123,113321,314688,127814,189325
868,0,0.51126003,113441,315607,127322,188115
869,0,0.5106363,113307,314626,127786,189418
869,0,0.511081,113423,315539,127285,188225
870,0,0.515726,112476,314974,126524,188600
870,0,0.5159362,112594,315861,125862,187042
871,0,0.5182297,111864,314735,125293,189102
871,0,0.51802987,111980,315603,124668,187671
872,0,0.52632815,112704,313533,127901,190978
872,0,0.5265767,112807,314278,127184,189974
872,0,0.50593203,113242,314475,128042,188572
873,0,0.52139175,112853,313480,128360,191044
873,0,0.52274305,112938,314203,127623,190162
873,0,0.5026742,113368,314395,128476,188757
874,0,0.527949,111854,313995,125786,190364
874,0,0.5295846,111922,314773,124974,189095
874,0,0.5109679,112224,314945,125696,187684
875,0,0.52715725,111376,315343,124754,188306
875,0,0.528345,111440,316248,123904,186157
875,0,0.5099271,111671,316442,124547,184702
876,0,0.5209364,111558,314443,124287,189872
876,0,0.523888,111625,315307,123427,188471
876,0,0.50742424,111875,315456,124178,187162
877,0,0.5199477,111681,314277,124532,190152
877,0,0.52277863,111750,315128,123669,188864
877,0,0.5061548,112017,315276,124451,187558
878,0,0.53127444,110234,316987,121216,185877
878,0,0.5307011,110292,317966,120447,182748
878,0,0.513271,110443,318088,120839,181516
879,0,0.5341505,110355,316456,121632,186646
879,0,0.5338732,110413,317413,120854,183828
879,0,0.5161367,110594,317518,121274,182622
